Age,CO2
-72.0,418.53
-71.0,416.41
-70.0,414.21
-69.0,411.65
-68.0,408.72
-67.0,406.76
-66.0,404.41
-65.0,401.01
-64.0,398.81
-63.0,396.74
-62.0,394.06
-61.0,391.85
-60.0,390.1
-59.0,387.64
-58.0,385.83
-57.0,384.02
-56.0,382.09
-55.0,379.98
-54.0,377.7
-53.0,375.98
-52.0,373.45
-51.02999999999997,368.0449828028473
-51.02999999999997,367.999993001987
-51.0,371.32
-50.0,369.71
-49.0,368.54
-48.0,366.84
-48.0,361.78073658846415
-47.0,363.88
-46.5,359.5
-46.27927212999998,359.64864438559124
-46.27927212999998,359.6749879681196
-46.27927212999998,359.61974719554144
-46.0,362.74
-45.0,360.97
-44.5,356.9
-44.40564212000004,356.9584375140511
-44.40564212000004,357.02395565685794
-44.40564212000004,357.3525256572212
-44.40564212000004,357.09203996921576
-44.0,358.96
-43.07999999999993,354.31263029324
-43.07999999999993,353.58074037458414
-43.0,357.21
-42.40000000000009,353.6
-42.313517060000095,353.73035113477164
-42.313517060000095,353.65940860907494
-42.313517060000095,353.65076974111884
-42.313517060000095,353.8564137720475
-42.0,356.54
-41.134816709999996,352.3305365842145
-41.134816709999996,352.5020802552528
-41.0,355.7
-40.53655942,351.8302455686804
-40.0,354.45
-39.97139973000003,350.569459131815
-39.97139973000003,350.7181907449942
-39.97139973000003,351.13830684610946
-39.799999999999955,349.7
-39.407967809999946,350.04560223019763
-39.407967809999946,349.58381092885685
-39.407967809999946,349.7756872053048
-39.407967809999946,349.7959810737173
-39.0,353.2
-38.966334940000024,349.0230955012693
-38.966334940000024,349.53373379799166
-38.06951193000009,347.59740561133145
-38.0,351.69
-37.20859160000009,345.44120600376243
-37.0,349.31
-36.616016200000104,345.1368764254465
-36.616016200000104,344.97480308074086
-36.616016200000104,344.5065200746217
-36.616016200000104,344.2528748730704
-36.14322833999995,344.2843518816444
-36.14322833999995,343.663001641546
-36.0,347.61
-35.76218001999996,343.6443869753662
-35.76218001999996,342.88471042323806
-35.76218001999996,342.80315875214
-35.0,346.35
-34.916752950000046,342.53063808970336
-34.916752950000046,341.5733147227089
-34.0,344.87
-33.700000000000045,341.2
-33.07684986999993,341.42197270968006
-33.07684986999993,341.16119788310215
-33.07684986999993,341.5826638382337
-33.07684986999993,341.15135254539393
-33.02591865999989,339.5152084091837
-33.02591865999989,339.4057686335115
-33.0,343.15
-32.0,341.48
-31.0,340.12
-30.0,338.76
-29.14258988000006,334.4715372134238
-29.14258988000006,335.2255738516231
-29.0,336.84
-28.0,335.41
-27.0,333.84
-26.796750369999927,335.54695345792317
-26.67036968000002,332.3689555204767
-26.0,332.03
-25.570921230000067,332.3656863259178
-25.0,331.13
-24.133413320000045,331.54980566810485
-24.0,330.19
-23.0,329.68
-23.0,326.4
-23.0,329.2
-22.088334380000106,328.41588801232757
-22.041017810000085,330.3504422217994
-22.0,327.46
-21.0,326.32
-20.872681979999925,326.3093257445175
-20.65630200999999,326.6491948420144
-20.637150239999983,324.7998256800508
-20.637150239999983,325.0382094229711
-20.637150239999983,324.8810194360893
-20.637150239999983,324.90492011289086
-20.22168347999991,324.5570616692709
-20.0,325.68
-20.0,324.8
-19.423218019999922,323.87467047016156
-19.42203954999991,325.5374446835465
-19.0,324.62
-18.98437082999999,325.07717594979096
-18.813869489999888,324.08551736938495
-18.53874855999993,320.38065078205506
-18.0,323.05
-17.0,322.9
-17.0,322.18
-16.78904407999994,320.4923553617883
-16.54523532999997,322.1747797142201
-16.0,321.37
-15.866011569999955,320.98156635342656
-15.297878110000056,319.1950596158425
-15.226349230000096,319.8929363220089
-15.0,320.04
-14.0,319.0
-14.0,319.62
-13.564495589999979,319.12347301713646
-13.200018279999995,319.06606441856763
-13.0,318.99
-12.6152798600001,317.44606695465427
-12.6152798600001,319.77605827448537
-12.542091540000001,317.4481354802273
-12.395341090000102,319.1381732232432
-12.321916399999964,317.5216280215933
-12.0,318.45
-11.71589999999992,316.59261011941027
-11.0,317.64
-10.568661719999909,318.20658038167187
-10.31404479999992,313.0933880516286
-10.0,316.91
-9.092695849999927,311.98389241638387
-9.0,315.98
-9.0,316.3
-8.56297111999993,316.3340200101121
-8.102785849999918,316.1014028920352
-8.0,314.4
-7.872424290000026,314.57216625352925
-7.257538840000052,315.2703546298443
-7.203373640000109,316.43892736076845
-7.203373640000109,316.2928012972935
-7.203373640000109,316.2425742358726
-7.203373640000109,316.3272178354802
-7.103747099999964,314.63773267233756
-7.103747099999964,314.23638292143335
-7.0,314.0
-6.157200000000103,314.4552794500995
-6.157200000000103,315.5358065293993
-6.157200000000103,316.0351357655792
-6.099999999999909,316.3
-5.0,313.5
-5.0,313.8
-4.795964650000087,314.8253417001523
-4.795964650000087,314.6025809876587
-4.0,311.7
-3.791544359999989,313.1710570119369
-3.7139373699999396,312.8003637775662
-3.5585613600001125,312.7532516171712
-3.5585613600001125,311.6922300483932
-3.0,312.1
-2.3839181700000154,312.1844627182946
-0.25090000000000146,312.0017776102837
0.0,312.6
0.33152825999991364,313.6602846482332
1.0,311.2
1.225945319999937,309.6939936066409
2.0,310.5
2.2935130999999274,311.57094999761165
3.0,311.5
3.0,310.0
3.0,310.8
3.3366031699999894,310.36290017732523
3.3731399599998895,313.21174406076346
3.3731399599998895,312.52098023210357
4.0,311.5
4.38416084000005,312.5596867804179
4.442779830000063,311.9671347125998
4.6126112699998885,311.8114965345337
5.0,309.7
5.037190190000047,310.440204448011
5.2356770799999595,311.2775834649954
5.490957340000023,310.224309572614
6.0,311.4
6.0,312.1
6.0,311.3
6.426352059999999,312.36164019507424
7.0,310.5
7.0,311.0
7.792658919999894,312.1384725184697
7.792658919999894,311.6176346382123
7.900000000000091,312.3
7.964587149999943,313.78370871604477
7.964587149999943,311.90375721589083
8.0,311.6
8.0,310.9
8.0,310.3
8.22030175000009,312.7370657665416
8.22030175000009,312.05081147133444
9.0,310.7
9.160584629999903,311.80226771747726
9.245991239999967,307.7386635857962
10.0,311.9
10.030999999999949,309.80091502114107
10.408172680000007,310.9510867188181
10.77751491999993,311.0361345099159
10.77751491999993,311.3874541483345
11.0,310.9
11.03227736000008,312.36342146741725
11.03227736000008,308.5499135713751
11.838400000000092,308.47982780846024
11.870147509999924,311.94102882822733
12.0,309.6
12.132119869999997,310.6586926052243
12.132119869999997,312.382326849556
12.233306950000042,312.501072864396
12.233306950000042,312.5806216853953
12.233306950000042,312.2269259743025
12.233306950000042,312.3116530615644
12.233306950000042,312.0710880824047
12.233306950000042,312.2845912594188
13.0,309.0
13.136785700000019,307.0555671208528
13.136785700000019,307.75981922832034
14.12664190999999,309.52132105952495
14.12664190999999,309.1680526705952
14.290543329999991,307.25859856593024
14.94369888999995,306.3197983876916
15.0,307.8
16.123575399999936,309.6306260790445
16.40695077999999,307.8376120370688
16.40695077999999,306.6304146533345
16.40695077999999,306.7586062658141
17.0,307.2
17.219075570000086,305.94402817135216
17.462700710000036,308.27919921307927
17.70639580000011,308.25556223436706
19.17030616000011,305.7177398041888
19.17030616000011,305.76409758436415
20.613674270000047,305.304234832072
20.613674270000047,305.22823662503055
20.613674270000047,305.39063713078644
20.613674270000047,305.15718596024954
20.613674270000047,305.8354964326462
20.613674270000047,305.36916930445204
21.0,305.7
21.0,307.8
21.256399999999985,305.78294147245686
21.46069323000006,305.70537216677735
21.843200000000024,305.66786848134046
22.203540369999928,307.61826355772223
22.203540369999928,308.4192201659071
24.686957090000078,305.32064368023885
24.686957090000078,304.61766989412763
25.251618980000103,304.7159146968185
26.0,305.2
27.0,303.2
27.163116590000072,303.1389914555462
27.163116590000072,307.6999742037404
27.163116590000072,306.13061399705606
27.163116590000072,307.82491754334364
27.494957789999944,303.1815383191544
30.2922188,301.8758603769565
31.0,303.6
31.0,303.3
31.331601200000023,304.61320734820134
32.12541188,304.0609729843993
32.12541188,304.2398521497749
32.12541188,303.4360627838425
32.12541188,303.6719973620779
34.213969129999896,301.9151507114715
35.60700403999999,301.0722401652447
35.60700403999999,300.32793714693855
36.0,300.7
36.0,300.0
37.484859689999894,301.29772622272134
38.0,298.4
38.71498595999992,299.25727749401767
38.90461155999992,297.7268153632511
39.284149150000076,298.10624698316605
40.23523068999998,297.86910679162327
41.0,300.4
41.47609211000008,301.50413540464433
44.225799999999936,299.62686294971274
44.45643668999992,297.32821856127947
44.64919585999996,299.0235966178361
46.0,295.1
46.09347466000008,295.9913578166476
48.0,295.7
48.0,295.0
48.298125289999916,294.437358044267
48.298125289999916,295.25562332443434
48.30289999999991,297.1389291212222
49.82164923999994,294.22072160003313
51.0,296.0
51.0,296.2
51.057595010000114,297.0473645165553
51.34283968999989,295.2814574829282
54.0,298.2
56.0,293.8
56.24367503999997,293.80883068272027
56.34117893999996,293.16654166689625
56.9396999999999,295.3164626735822
57.12160448999998,294.8594308441452
57.6094814600001,295.17192926023625
60.1310578099999,290.9175394046256
60.992519469999934,292.3002485067955
60.992519469999934,292.3845273717589
61.0,291.5
61.0,292.2
62.60553327000002,294.34178746728605
64.0,290.6
64.39987096999994,288.1157636999787
65.82009999999991,289.2265988139854
66.0,289.0
66.0,289.8
66.20852756999989,289.7624132149648
67.07764627999995,292.46393479402104
70.04941602000008,287.7707291897673
73.09478323000008,289.3281310647417
76.0,290.5
76.2620196800001,291.5581974658393
77.0,287.2
77.17362217000004,286.6550967370638
79.95531419999998,286.32578146070443
80.3438782799999,287.9864944292303
81.0,287.7
81.58508690999997,289.8324407412929
81.58508690999997,289.23984908475535
82.26960000000008,287.9922513016967
83.0,285.2
83.25611204999996,284.70897353203816
83.25611204999996,285.3956110242991
85.87161822999997,286.65415816058197
86.0,285.4
87.02144425999995,285.3533187571561
88.16551931000004,287.17456217295097
91.0,286.5
91.15595858000006,286.6330756116753
93.3796722699999,283.16210074754474
95.28161881999995,285.56557722684016
96.0,287.0
96.29172496000001,288.05443747992655
98.0,288.6
98.89435269,285.4658308627274
99.173,288.7903954001126
99.73761839999997,284.00163402345765
101.0,287.7
102.67820000000006,286.839237474432
104.0,285.0
104.0,283.3
104.09510939000006,282.79015846591506
104.09510939000006,284.44961291293924
105.34534607,283.1828720355646
105.53888998000002,283.5311237194569
106.0,286.5
106.70678711000005,280.97849752222953
106.70678711000005,282.18446768851413
109.17184283000006,283.6545457229947
112.0,284.1
113.2998,284.151983964357
115.0,283.7
116.82279999999992,283.82039231033946
117.12622381999995,285.0861666968484
122.68114000000011,290.6255743362656
123.07770000000005,285.90893992625405
124.0,281.3
125.25500000000011,281.3603652847592
134.11314000000013,290.38523380722086
136.0,284.3
136.34030000000007,284.43128758236145
137.0,280.4
145.61182666666656,288.3972053894925
150.0,281.1
150.6636000000001,284.36931824181573
150.6636000000001,281.2297855549947
153.5284999999999,280.40443666000317
154.05649999999991,282.3047106620081
155.9034999999999,281.61711795078935
156.0,281.5
159.94379416666683,287.79603246127266
169.0,276.8
169.70010000000002,273.07371696468044
170.5109,280.23629818436876
174.47412750000015,283.1331063741354
176.0,277.8
176.54449999999997,277.8559524780317
186.30320000000006,276.3961020284933
187.0,276.3
187.1217999999999,277.15568662096365
189.0286780555557,283.2962000061526
197.87059999999997,278.00200109884094
198.0,276.4
198.0684000000001,276.4573287163011
200.88010000000008,277.6000738939942
202.41643416666682,281.62346465028895
207.0,276.7
208.7428,276.8090000432731
215.77876750000016,280.2772560984432
216.0,278.2
216.12799999999993,278.3109424912346
226.99260000000004,277.01330979867544
227.0,276.9
227.13560000000007,278.27011023020174
230.62197916666668,284.5562303016557
243.4036875,279.60253253965857
255.93360000000007,277.35805088594464
258.4008919444443,276.8792872103132
260.0,276.3
260.2585999999999,276.3246167739362
268.0,274.9
268.10570000000007,276.6596678045921
272.9111741666668,280.5262742630634
279.0,277.9
286.76465000000013,281.0796652352811
300.5846500000001,280.4899941447299
300.9031,278.0152295252318
310.0,276.6
310.18550000000005,276.6872122505445
314.4046500000002,278.17591036520093
321.0,274.5
321.4006999999999,273.78076231204557
329.57855500000016,280.47467939521056
340.0,271.8
340.53919999999994,271.10903046702873
344.8125550000002,278.2307402046599
346.58140000000003,275.066577843599
359.0093999999999,279.3568610690018
360.0465550000002,279.5672086515939
361.8233,281.10892823134105
362.0,281.0
374.10538333333346,280.5883336119609
376.98710000000005,282.5698274885973
387.9719833333332,281.9463967448819
390.0,281.7
390.1370999999999,281.82904146165555
395.0,279.1
400.35249999999996,283.5296825674026
404.0,281.9
405.01771583333317,279.60681011154196
417.1027824999998,280.2185167627642
420.3243,283.94789036843633
433.8708125,280.8387532156813
442.85908083333356,280.51794310142094
447.3154491666665,283.1798616350835
448.4713999999999,283.1247803916497
479.8003227777777,281.1102720780126
480.6032,280.3125047226672
485.0,277.7
493.82594416666683,283.40090808641014
495.3920833333333,283.5574917184691
500.83619999999996,282.22658040584827
508.3231899999998,280.5358164603516
519.0,282.5
521.0,279.5
521.1956,279.7256958832981
524.45075,282.76089269551943
537.0065155555553,283.0560675913457
539.0,279.6
539.1394,279.6965499485699
551.9790209999999,280.2057979997176
559.0,281.1
559.6678999999999,281.1317016084328
559.6678999999999,280.69145605233933
563.3506269999998,280.9388407632465
579.698125,281.9935581246692
594.3481183333331,282.53141938201355
595.7977883333334,285.8168963146909
599.2545749999998,280.83219911277024
600.0,280.1
601.1501000000001,278.3621212274177
610.0963149999998,281.5154445114305
619.8800000000001,284.0676432722511
639.4914166666666,282.7453560100354
642.5527999999999,281.5784089788515
644.0,281.5
651.4019900000002,282.16224028726833
671.8032000000001,278.4312489162189
671.8183361111113,283.59952251327394
672.0,282.2
674.0,281.1
686.8393850000002,282.1936287910644
688.6617916666667,284.98156562111416
690.4929,282.199286054067
692.0,282.1
698.7306000000001,282.41311047504325
703.1195316666668,282.9434533528019
720.8795,281.62641436298213
736.1234200000002,284.4216307418194
738.0074999999999,282.5089836184976
739.0450000000001,283.68828915610504
743.0,283.6
750.1886,284.54004420226613
753.6511283333336,282.1540236420778
754.0,280.1
780.4074166666667,283.751958972766
784.0183999999999,283.9659747066713
790.0,283.9
791.2432183333335,284.6339957256492
792.7522783333336,283.3951158682888
803.7130999999999,284.510584449478
808.010551666667,284.7095815072394
834.262125,283.4927060505495
834.3911,282.8416314024614
845.0,282.8
847.5576483333334,285.8297218644756
849.1889166666666,283.8278984763525
850.5902000000001,283.0944582572788
858.5348044444446,282.0754129124658
863.4277300000002,282.6176186927535
877.0,278.4
879.7973,282.8444160166049
892.0,282.8
896.0293750000001,284.11150300725103
900.82294,280.9667443357615
908.3095950000003,283.55231457658255
909.92083,280.9161701585891
924.8925,284.5002396124801
925.0,280.8
930.72784,280.06452973881244
932.42209,279.7987034131486
937.7330333333335,283.0061358145081
942.8270799999995,282.82044407632355
945.0,280.5
950.0,276.6
957.3999600000003,281.9102186800945
967.34583,278.7402401551619
982.0,278.5
992.34736,277.4071684030988
994.2865833333334,282.0220072772952
1004.7875011111113,282.60066724635857
1006.0,279.1
1006.9110633333332,279.0787771703706
1019.600016666667,278.1134434478008
1035.87184,280.10552589040225
1040.2554166666666,280.25862964758824
1049.3509833333328,279.57340670883207
1053.0,278.9
1053.8605500000003,281.05209864166295
1060.0,279.1
1074.5898,279.42044060983585
1093.0,279.3
1099.571383333333,279.1921550521413
1127.67222,278.62300321449914
1151.0,278.5
1153.0,277.7
1156.8950399999999,279.72469920818
1186.0,278.5
1187.70454,279.29371083930937
1219.5665,279.9902637416671
1220.0,278.5
1233.0,278.7
1248.156583333333,279.2327037834648
1248.75007,277.098940914164
1252.0,279.7
1280.82364,278.45496800258206
1282.0,279.4
1313.00077,279.58805021854124
1318.0,278.3
1335.4754400000002,277.86971612986054
1350.0,277.4
1354.0,276.9
1367.59231,276.19603745957005
1378.0,277.6
1392.53167,278.4608975547629
1398.37838,276.5590465243607
1413.0,276.0
1418.2446999999997,278.49261913063606
1432.04389,276.78951906858396
1450.0,276.4
1453.0,279.2
1461.86806,277.1056915049757
1489.0,276.7
1513.06166,279.9999146746923
1522.0,276.9
1543.63545,279.12520908544417
1552.0,280.0
1565.77312,277.24691789826335
1585.0,277.0
1592.66644,277.79537780888165
1606.9335499999997,279.9963383145712
1621.0,278.9
1632.4542099999999,281.692138914424
1638.0,278.9
1648.0,279.8
1654.39543,280.9089598541969
1675.55608,280.2444922059889
1676.0,280.1
1683.9046899999998,278.31439989271746
1709.3986,280.24908719030117
1722.0,281.5
1733.0,278.7
1748.0,280.7
1775.46638,277.55589209790946
1782.0,280.1
1796.46924,278.0719954240161
1803.2905333333329,279.06856659171353
1812.0,278.0
1814.0,278.1
1846.0,277.5
1894.0,277.4
1920.0,277.9
1931.0,276.9
1949.0,276.7
1978.0114999999994,276.22063602301625
2057.0,276.7
2062.9454,275.9761577537513
2128.0,276.7
2212.0,277.6
2280.248416666666,275.2522749686739
2334.0,277.9
2433.0,273.9
2451.8609499999993,274.2706022855074
2536.0,278.9
2604.0,275.3
2656.2170500000007,274.2569209566079
2690.0,284.7
2728.0,274.7
2806.0,276.3
2833.830633333334,276.17792378676324
2902.0,274.6
3015.200750000001,274.21364406167964
3053.0,276.3
3116.0,273.1
3197.4921833333337,273.7017091688444
3215.0,274.0
3336.0,275.0
3407.486316666667,273.8911846396268
3453.0,273.4
3523.0,273.0
3582.984300000001,272.38437345788924
3622.0,271.5
3721.0,275.4
3790.0,274.9
3816.9602000000004,271.5660507170192
3897.0,272.7
3910.0,271.7
4004.0,271.6
4017.1724666666673,271.40023510200206
4096.0,272.8
4124.0,268.1
4161.0,271.5
4219.469433333334,271.4185249039638
4324.0,271.1
4374.0,269.1
4420.927566666667,272.5687208167142
4480.0,269.8
4573.0,271.5
4635.499300000001,271.40884201024426
4703.0,270.7
4766.0,269.3
4831.53675,270.7272012085743
4874.0,268.6
5004.0,269.8
5047.803883333333,269.08432413775193
5094.0,267.6
5160.0,265.3
5274.0,265.2
5278.023233333334,268.1991364966365
5370.0,267.6
5476.0,265.9
5478.16285,267.19991794247625
5562.0,265.5
5657.0,260.7
5716.0,266.7
5724.554583333334,267.5421410420069
5855.0,265.5
5998.0,263.2
6039.0,262.7
6131.0,261.2
6263.0,261.1
6354.0,259.4
6434.0,262.1
6545.0,262.9
6617.0,258.1
6713.0,257.6
6735.0,262.2
6838.0,262.3
6941.0,263.0
7028.0,260.7
7112.0,258.4
7234.0,260.1
7294.0,264.82601862913333
7319.25,263.7436386819
7320.0,260.4
7342.799999999999,261.90241948945
7372.2,263.169199403
7390.25,263.976067265375
7408.55,263.36669208480004
7413.0,259.7
7429.7,261.9645942954
7448.75,262.36092523229996
7466.95,262.469204855
7495.400000000001,265.16260813574996
7507.0,259.2
7511.35,262.94408819349997
7527.8,263.682583198175
7540.75,262.7713558141
7559.349999999999,262.688766297075
7574.2,262.52386173925
7590.0,260.8
7594.2,262.62246076875005
7610.05,264.325934774
7627.65,261.963884112375
7648.45,263.22921859045
7674.95,263.03470843357496
7689.05,262.96974002974997
7691.0,259.6
7713.500000000001,261.88912984125
7733.95,261.428515024875
7745.15,264.147901087625
7781.0,259.3
7785.5,263.75280923125
7812.6,260.8469171516
7828.75,263.05955004505
7863.1,262.79615250166665
7866.0,263.785068341875
7873.0,254.5
7876.0,258.3
7884.45,264.1209988608
7901.150000000001,263.60922157749997
7911.05,262.31395797675
7917.95,262.6201975386
7944.049999999999,263.628189264
7969.8,263.7727222625
7974.6500000000015,266.7431245765
7976.9000000000015,266.6235110605
7990.0,261.3
8017.8,262.728137882
8020.349999999999,266.326804622475
8027.15,262.97353262844996
8047.15,264.11222454265004
8050.0,260.7
8052.05,261.92183841051246
8065.349999999999,263.98211577456664
8070.000000000001,261.147359383125
8084.25,265.0020722164
8123.249999999999,262.52548321553326
8134.200000000001,265.2611274441
8140.599999999999,266.4813921422
8149.3499999999985,265.3542200372
8158.0,264.4193667450333
8170.4,264.349656855925
8173.5999999999985,262.0666469112
8181.0,261.8
8194.7,264.79540683374995
8203.65,266.095619798775
8223.150000000001,263.54842680075
8241.5,263.114376962525
8254.55,264.0982710483
8259.9,264.0772382715
8274.75,264.80995846415004
8281.0,259.0
8290.85,262.2701934424
8300.5,263.97446949224997
8303.850000000002,262.49582412899997
8307.500000000002,262.3777933914
8311.15,263.80481111349997
8327.0,263.4739931276667
8337.95,263.3111784675
8346.899999999998,261.925592482
8369.0,261.8789852676
8374.6,261.7827720487
8387.0,260.9
8404.55,264.4684488132
8421.5,263.85203808225003
8430.25,263.2526037409125
8438.7,264.956002266
8450.65,265.4809777646
8471.1,263.14561741
8477.0,260.4
8485.35,262.7546649845
8500.8,265.42747675575
8511.599999999999,264.9324338181
8530.9,267.681310935
8546.45,264.25257603800003
8568.3,265.58422534724997
8569.1,268.08566483199996
8579.0,259.3
8584.1,264.8187265464
8607.949999999999,265.82689034235
8629.449999999999,266.51526792899995
8649.300000000001,266.14679625191667
8653.0,262.0
8670.0,259.6
8672.000000000002,265.36664006474996
8690.0,268.88696799542504
8705.6,266.396436612625
8721.95,265.328769715
8736.4,265.53735801255
8751.95,266.45456986719995
8756.45,261.57
8756.45,256.9
8765.45,265.4906689949
8784.0,263.7
8784.65,266.864647062
8799.75,265.718385482
8815.6,266.276565034
8828.699999999999,265.822341136025
8842.05,266.87227692
8859.6,263.94477988679995
8869.0,263.8
8871.6,266.76239393245004
8887.8,263.8997368098
8893.213,267.9028278900337
8907.050000000001,263.631279762
8914.0,264.5391126235
8939.699999999999,262.3626841258667
8951.999999999998,262.49520732705
8968.85,264.2721056025
8973.0,265.2
8982.499999999998,264.457320014925
8985.488,265.4473246879209
9072.05,258.3
9080.986,268.86121401097495
9092.0,260.6
9140.0,260.9
9176.945,263.9524321899689
9232.0,263.0
9274.864,270.5975111381655
9317.0,263.8
9370.126,269.2256441647061
9467.522,263.797593582027
9536.0,264.4
9561.392,265.54713785905875
9597.0,264.2
9654.293,271.1691082540198
9721.0,264.0
9759.928,264.96696478895205
9792.53,258.4
9792.53,265.55
9807.0,263.4
9850.266,269.8239136757699
9909.0,265.7
9953.14,265.9214090056133
9983.0,264.9
10047.123,270.67768611855996
10088.0,267.5
10147.752,268.0461575865978
10167.0,261.6
10209.0,266.9
10248.546,267.1885223205751
10277.65,268.0
10294.0,266.0
10352.743,267.44431411632206
10401.05,268.21
10401.05,266.91
10417.0,265.1
10454.905,267.5391756800878
10527.0,267.6
10555.787,271.27597022041294
10603.8,262.8
10621.0,264.8
10656.841,280.9312927131758
10744.0,264.8
10758.376,268.11279412214964
10805.0,265.0
10827.0,265.3
10861.591,271.4997419010105
10895.0,264.4
10933.0,264.1
10957.405,271.8117018847352
10983.0,263.7
11014.0,264.2
11052.504,275.94112049465406
11064.38,262.37
11064.38,261.39
11087.0,264.5
11123.6,263.23
11136.0,264.0
11151.152,268.0613355199051
11201.0,263.0
11236.0,265.2
11246.709,277.029293175379
11278.0,258.8
11323.9,258.46
11323.9,260.3
11338.0,260.8
11339.371,268.8062514925239
11383.156,268.8396344162771
11392.0,255.4
11399.861,272.1638827775123
11417.453,268.4831386910426
11422.0,244.8
11435.931,274.14345909208504
11436.0,253.9
11453.064,272.86948241809176
11469.0,253.8
11472.799,273.09658248435426
11490.446,271.1659882944808
11507.225,271.66344435702626
11523.934,273.5087267559184
11543.596,270.8975316078414
11559.612,266.7402713424808
11576.406,271.0926460402798
11580.0,250.7
11592.243,264.7019637596007
11611.307,265.3035570908851
11612.36,252.26
11612.36,247.84
11628.966,270.2202091929294
11635.0,249.7
11647.924,261.13429330946656
11664.542,251.5528586529488
11676.0,251.1
11682.818,258.6155973344712
11701.438,257.99089690085395
11719.717,260.0430608603061
11727.0,250.7
11740.65,259.89086904448925
11759.212,262.7419682040664
11780.723,262.24947010276907
11796.04,250.44
11796.04,246.8
11802.789,262.53058047537485
11819.0,245.3
11820.5,261.16871076552565
11843.327,258.3101747073089
11863.118,257.6295799831633
11881.0,238.3
11883.166,255.56174454316204
11896.0,245.3
11904.912,259.89657531323917
11926.956,262.57498699245264
11948.086,252.91570205793047
11958.0,246.6
11969.551,257.9931437879996
11990.691,259.3912977602452
12015.895,251.85064164274337
12028.8,244.68
12028.8,245.26
12037.316,252.40713321971356
12050.0,243.2
12058.796,257.09803694796494
12079.849,255.03138662276533
12105.248,259.6570401748525
12122.0,240.3
12124.583,257.01913649818056
12146.495,255.13879991205624
12168.481,255.42428040746907
12190.414,254.96816256782247
12211.34,253.6533400802813
12232.921,253.23182055441774
12256.477,252.95174624217293
12280.774,253.37721064234103
12301.036,252.9240190698803
12321.276,254.73154369365116
12343.121,250.9665079337188
12346.39,238.67
12365.281,248.30941964788178
12371.0,237.5
12388.308,247.00399847303908
12409.378,250.4034368607132
12431.925,251.67023851530323
12454.817,249.828192028346
12475.39,250.17917534767042
12495.838,248.42282246806465
12496.0,237.6
12521.35,250.7361603977909
12543.717,253.9226267174943
12564.615,248.27496932125192
12584.8,236.02
12584.8,237.24
12586.604,251.01866418752644
12607.644,252.09151906637942
12613.9,233.57
12613.9,236.96
12629.853,250.94327763185444
12642.0,234.2
12653.637,247.94829999483662
12673.897,246.52904430354567
12697.141,248.24252191664183
12719.8,245.5919394471499
12734.05,236.98
12734.05,238.9
12739.914,251.29878007926465
12760.0,238.3
12762.577,244.01944039217156
12785.627,245.49602014897292
12789.0,237.63
12809.27,246.23335017876875
12830.152,246.14661205332536
12852.706,243.34501708789696
12873.977,245.2383063619222
12888.56,238.02
12893.384,243.43542944264073
12917.105,242.7942418996904
12918.15,237.63
12939.228,242.17670710529902
12942.0,237.3
12959.751,244.7072616624785
12980.883,241.14801820813656
13000.34,238.02
13001.057,243.41877622767902
13021.916,238.67711437690164
13043.693,242.86480110696388
13066.591,241.90902544878452
13088.223,245.5552999030114
13090.0,237.9
13128.448,238.8172845805215
13172.67,240.91006470650157
13173.75,241.97
13173.75,241.54
13216.195,243.4098936541896
13235.22,237.72
13241.0,237.6
13266.965,244.4197733780046
13304.149,240.86022090165332
13356.0,236.2
13371.0,238.59
13418.103,241.82629259075324
13440.0,236.4
13486.737,244.25427358439862
13511.43,238.32
13531.749,239.8255291423037
13542.0,239.2
13600.809,247.85979844716996
13645.346,242.54747522687632
13653.0,238.6
13705.0,239.64
13712.826,245.59139134507328
13758.73,245.11490412197253
13779.71,239.0
13804.0,238.6
13827.204,243.08435072354874
13871.566,241.95158516671214
13940.228,244.5703386445421
13944.7,239.03
13948.0,239.1
13974.0,240.84
14001.788,239.91958262522573
14010.0,225.2
14022.859,241.8687866200197
14060.093,245.26916500368534
14066.32,241.0
14066.32,236.98
14084.472,236.88000615516702
14120.057,240.39805979670948
14156.604,243.23818680138615
14176.32,232.52
14179.551,243.36064776017062
14205.559,242.3613364190683
14237.445,240.59503531115416
14273.024,244.21229536304708
14298.717,243.03677680876376
14303.0,228.5
14308.608,239.8013722168602
14343.156,246.07891889663432
14354.483,242.39005888170098
14356.7,228.76
14374.989,244.3252352260465
14410.597,246.5463915992586
14422.234,246.60460298931037
14443.283,244.9489026098227
14463.583,242.61345734214723
14472.94,227.7
14497.209,246.05538663336657
14520.852,245.14411641924522
14531.297,247.17377294839466
14541.662,239.8323421305916
14550.0,228.4
14552.933,245.729807649943
14563.518,243.85999766133673
14575.933,243.76503812675872
14586.185,241.9659544143376
14595.468,239.30951417343593
14606.209,241.58632963935628
14619.389,241.97072384125397
14629.987,244.10202126482596
14645.202,242.11592408247537
14652.256,238.62208303328032
14664.087,237.41678590018034
14675.119,238.33541847308942
14686.374,241.49243901935716
14696.689,232.9069484734525
14697.25,228.24
14706.958,232.1794674192821
14718.124,234.5296191365043
14725.0,226.1
14730.883,238.53668908061695
14743.189,235.47501430697426
14756.44,227.99
14758.515,231.9025821178081
14763.412,228.64412988292017
14776.283,231.39272967198517
14787.831,231.78536212593403
14799.135,232.50250206425628
14810.614,231.5760816830967
14822.391,230.50690563613685
14834.75,232.4041873231957
14844.772,231.87363187172843
14857.525,237.1674385645637
14869.177,236.22123314488178
14880.662,231.85150672131329
14890.0,225.2
14892.457,234.6301423785333
14904.212,232.71528957073212
14915.908,232.35879507223092
14929.02,232.46979297537328
14953.662,232.890295544307
14976.478,233.78672581367329
14978.41,225.44
14987.256,231.65098593922204
15011.48,232.3650655244248
15012.0,224.5
15034.777,229.38083520649624
15072.534,232.99480745157686
15095.81,238.47446894840783
15101.0,227.77
15133.528,233.67160656998294
15156.516,232.8057322422929
15181.113,231.84358475209112
15218.875,234.18339813242306
15233.0,222.0
15243.443,232.26585961041698
15280.741,229.77162913978188
15320.944,231.64306095288393
15345.237,232.91652002838566
15368.56,219.05
15382.846,229.38795165189697
15410.078,228.74311624898786
15438.0,221.0
15462.934,227.2710402890986
15513.0,225.01
15541.13,221.08
15546.395,227.5305343345643
15570.0,220.9
15649.43,226.75834505097234
15704.787,226.15764340429956
15718.18,217.69
15742.0,219.4
15767.681,228.8571801594681
15781.22,215.5
15844.953,226.36468715588023
15886.0,214.0
15920.254,227.5107392974745
15936.522,227.7681909549173
15995.492,227.7224506956352
15998.978,228.4079901815647
16014.67,226.39327867419098
16033.783,228.4802221411913
16040.6,210.0
16067.0,222.92
16073.0,207.5
16083.0,228.242360124708
16114.135,226.4115117516632
16151.209,228.8625784974834
16166.707,230.1908800011438
16187.461,225.48984625503218
16208.708,231.3244742360862
16222.957,227.23631531576837
16240.564,224.48517092637948
16260.0,207.7
16260.727,222.56382460975144
16278.743,218.22122886828478
16296.958,216.84367513227136
16317.429,218.5978424508933
16337.251,216.42970768970437
16354.228,218.83094793202406
16374.888,215.2133503062316
16391.886,213.50810411665645
16410.706,216.94888538922996
16413.28,201.12
16431.323,215.7934498012063
16452.0,202.9
16458.381,221.18722610003746
16472.034,217.9380167825644
16509.932,211.94707338537606
16553.509,212.65010901966778
16590.012,212.4614276166706
16610.9,195.8
16655.879,217.15469236971649
16659.0,200.8
16689.0,210.65
16733.528,214.24939480334604
16797.545,209.52548876941438
16834.47,194.05
16869.315,209.18509194320177
16870.0,195.2
16928.831,206.9290476816134
16994.774,208.3247383426767
17091.0,197.6
17091.847,206.1012164231453
17111.0,193.9
17163.698,202.631089252931
17236.245,202.29417538469403
17246.0,193.61
17287.896,199.87573909141443
17311.873,198.65141317549399
17334.84,188.63
17360.496,194.50284337603904
17375.0,191.0
17385.299,197.02021337722056
17410.026,195.8856673685563
17434.971,194.75739808941378
17460.991,197.00049226913703
17485.291,195.4761142959414
17510.868,195.58573439908614
17534.589,196.37047527166976
17561.459,196.6236483930915
17565.0,188.5
17586.251,200.96328822867957
17612.004,199.79039289658348
17637.878,197.21020619774924
17665.057,198.3760035369042
17691.214,195.51895944996556
17717.049,193.52313905154722
17743.75,194.41145637495399
17766.25,187.61
17769.713,195.7049630706334
17797.574,191.25256339861124
17809.0,188.5
17825.432,195.20739896471937
17854.603,193.51763426245728
17855.0,188.38
17880.995,194.2606131810841
17906.18,188.37
17907.158,195.7237910053392
17935.988,192.54215704394005
17943.0,189.2
17965.825,192.6564989836098
17992.042,192.9556833468375
18024.45,191.78531136917942
18050.092,191.7267726989902
18081.597,192.64072093684447
18110.627,192.59044595252618
18139.755,188.87510819689115
18173.163,193.01145740964958
18201.792,189.64837724764448
18232.181,192.87750852438725
18239.12,188.26
18264.682,192.52153443206024
18285.0,187.0
18295.805,193.03208526365853
18324.393,191.12107228232756
18360.352,192.73157502184154
18391.159,192.2127161368506
18422.425,192.46984987600774
18457.829,191.44688100668245
18486.591,191.08794749517838
18502.2,189.01
18519.994,191.6657005045612
18541.0,188.6
18546.0,189.92
18582.943,192.57060817148658
18677.396,197.90294365325792
18747.045,195.27099266967372
18803.635,196.9746062473733
18823.88,189.39
18828.0,189.4
18835.152,192.43646889385016
18866.913,192.49917580509657
18868.0,192.3
18906.0,190.5
18921.0,188.3
18993.816,196.7099140092297
19152.786,195.08550485764974
19204.0,187.59
19282.155,195.58428202340798
19286.0,194.36
19300.4,188.37
19347.0,188.7
19442.725,195.51661846127155
19509.0,188.8
19568.151,192.95303905155185
19629.493,195.41876528996985
19652.0,190.55
19703.4,188.96
19748.0,190.0
19774.0,188.83
19791.188,197.60063929670704
19883.882,200.05515178135056
19887.0,191.14
19949.85,189.12
19978.0,192.54
19988.0,188.0
20013.0,189.89
20018.696,197.72302093582547
20023.0,182.2
20149.39,189.74
20168.0,188.2
20197.0,195.0
20213.307,194.47301770392272
20404.0,204.27
20407.601,193.99022495118814
20502.0,187.8
20536.804,197.92595404672443
20585.0,195.37
20666.489,191.76130879373025
20748.0,186.9
20828.392,196.65750201107113
20891.0,197.12
20912.0,187.25
20964.428,194.87078412905063
21011.0,186.5
21067.69,192.40117180397905
21212.702,194.05178294941018
21257.0,184.7
21345.184,191.24278170075527
21500.0,191.58
21507.0,186.1
21557.0,195.81
21562.853,189.22605259203294
21790.593,191.9571766507431
21795.0,190.53
21854.0,185.7
21913.629,194.7825043804128
21925.899999999998,184.4620277494
22008.84,185.16
22015.0,184.4
22055.594,191.38113959770786
22091.0,191.63
22190.0,192.16
22225.0,199.75
22230.886,195.27052755302162
22292.199999999997,187.2242115241
22347.600000000002,187.0216472475
22367.662,196.08122144506464
22550.100000000002,184.67921815
22555.0,194.62
22604.1,185.207494535
22611.899,197.95136319917825
22650.8,188.4866056205
22677.423,193.9685521534979
22687.0,193.59
22747.99,195.23673066044876
22749.300000000003,190.01358890950002
22827.0,189.2
22833.6,186.13368892427502
22840.574,199.99610424143108
22921.805,199.96524916088424
22938.0,191.5
22962.308,198.93638429983517
22994.0,189.397339585125
23013.8,190.53007546182502
23029.978,197.55338046178792
23107.3,190.08050149462503
23185.0,188.6041093398
23276.7,197.67188495834998
23356.0,195.97
23358.4,193.532820435975
23379.0,189.1
23445.2,186.77935625474998
23600.5,187.98535915199997
23873.8,183.12944747075
24011.0,189.0
24077.699999999997,184.6823772
24143.0,189.96
24269.8,186.726894870075
24382.0,187.07
24643.6,180.565516782075
24650.0,194.74
25163.6,180.69369987574999
25337.0,187.7
25351.1,182.66041686875002
25543.600000000002,183.37891829900002
25786.0,186.541161542
25828.0,189.76
25994.0,191.6
26016.000000000004,184.51815170625
26254.499999999996,184.57168235580002
26315.000000000004,183.7673068405
26460.7,186.0128248
26537.0,192.21
26537.1,185.5131813934
26703.699999999997,185.43660435787498
26857.8,186.43114764435
26954.9,188.08462820879998
26974.0,184.4
27042.0,187.3935686286
27084.800000000003,186.271358966325
27170.199999999997,194.928153007
27280.100000000002,190.0614572262
27441.9,191.95313370887501
27445.0,188.07
27502.800000000003,191.23379793375
27507.0,195.2
27549.7,191.5337587855875
27586.399999999998,191.95350057714998
27661.3,191.46001174245
27687.0,192.712370759625
27714.1,190.6078690615
27718.6,189.304523923175
27781.0,194.1
27815.0,201.96
27820.7,187.586392521325
27866.399999999998,190.5849616488
27885.0,189.27849064935
27927.1,188.98634898427503
27961.0,204.98
27973.2,189.286787345625
28097.3,189.95757968037498
28214.1,191.816137593
28221.0,205.91
28271.6,191.59419376510002
28369.699999999997,192.63389865615
28413.9,189.156744422
28426.9,189.6458701976
28486.0,207.48
28527.0,196.1
28577.399999999998,193.10010418009998
28626.4,192.8154242622
28724.3,193.80250764615002
28841.9,193.8897968002
28902.7,192.68758991725
28948.6,193.25940327540002
28973.0,205.54
29008.9,192.8724796734
29063.0,188.5
29150.699999999997,192.26433856792502
29205.3,188.0966829643
29238.0,194.0
29249.600000000002,192.39141674277
29323.899999999998,191.0119519104
29366.1,189.82870639425
29396.0,201.49
29410.2,189.2132558424
29609.199999999997,189.24251845
29681.2,189.77280474485
29742.8,191.28441196185
29772.0,191.1
29837.800000000003,190.9669244527
29843.0,197.51
29952.100000000002,191.375496743275
29999.0,191.5673410079
30020.0,191.7
30101.5,188.2467783878
30181.7,188.475316491
30245.0,195.36
30277.9,186.51738769949998
30312.699999999997,185.98864642130002
30400.5,184.2981804458
30407.0,193.5
30528.800000000003,182.936081584225
30712.999999999996,187.14328122450002
30775.699999999997,190.33222284570002
30881.0,196.8
31053.0,195.09
31105.2,187.999563507075
31308.0,199.6
31356.4,188.4753253155
31524.100000000002,189.94686495800002
31577.0,202.29
31700.0,199.1
31792.100000000002,193.71283854975002
31818.4,192.9276430365
31933.899999999998,192.507154839675
32026.9,193.3257604058
32079.599999999995,193.90502757875
32090.0,200.4
32147.499999999996,196.41665588339998
32150.600000000002,196.9080549903
32170.0,203.67
32307.9,192.46518778166669
32361.2,195.247244775875
32434.8,194.110429478875
32511.100000000002,194.60682974099998
32594.6,194.4295742917
32677.799999999996,195.08012700165003
32714.1,195.93861278715002
32771.0,200.2
32813.100000000006,199.302319209275
32880.9,196.70181603277499
33009.0,196.32609642975
33148.3,197.646004846875
33161.0,200.1
33297.0,208.11
33341.0,201.6
33417.5,196.89622890765
33491.399999999994,197.12526326695
33541.0,205.25
33555.3,197.79975641045
33580.0,200.9
33758.100000000006,200.03106638475
33841.00000000001,195.627148340675
33885.7,195.2662323655
33907.49999999999,194.46060405395
33913.0,203.6
33925.899999999994,194.47027317217498
33957.0,196.47191999325
33991.5,195.41091567172498
34033.0,201.53
34064.200000000004,195.93175875274997
34190.299999999996,194.8874767012333
34250.799999999996,195.7913334535
34312.8,196.266613322
34334.4,196.20185201500001
34364.0,205.3
34484.0,213.08
34556.9,199.6474818549
34602.6,199.48892963999998
34620.0,200.2924224414
34647.8,198.89171239745002
34710.6,197.16130487224999
34825.6,202.795646976
34866.799999999996,203.0917776366
34953.0,206.62
35009.0,205.3
35089.6,198.7828307793
35165.799999999996,203.60050857025
35281.7,205.3761847385
35286.0,209.93
35337.0,204.46706210535
35359.4,203.6185257355
35383.0,201.35769286432503
35445.799999999996,200.29875552115
35497.09999999999,201.06305549865002
35508.5,202.04126672700002
35530.7,201.88660042935
35567.99999999999,201.8276293501
35672.50000000001,201.81310262977502
35701.600000000006,200.5019756069
35854.6,203.28865874520002
35948.3,198.799944457875
36061.0,208.8
36086.5,204.123014498
36111.0,207.76
36173.100000000006,201.7797825328
36261.799999999996,200.09164615275
36378.0,213.0
36506.3,198.9617645275
36591.8,205.10239260525
36669.6,203.76951759
36695.0,211.3
36704.0,212.63
36712.799999999996,203.7543230524
36820.2,202.76033458287498
36883.0,212.6
36939.8,203.514345808
37023.4,206.3568576216
37033.0,213.98
37118.600000000006,210.157174784
37143.200000000004,207.34584681975
37296.5,208.25190909
37302.0,209.65639176
37338.1,206.586570978
37431.0,212.50552869749998
37461.299999999996,209.83667782650002
37471.0,209.1
37488.0,217.48
37545.0,213.6
37618.600000000006,214.29589900083332
37647.5,212.135905967
37740.0,210.8
37777.2,212.09241359079002
37895.0,214.2064208262
37949.0,209.9
37992.0,216.21
38000.3,211.213425214
38088.5,214.36039257750002
38149.0,210.6
38165.59999999999,208.335059710425
38192.399999999994,206.5229252229
38284.200000000004,207.41115700100002
38298.0,216.52
38359.2,207.99977968
38412.8,210.7947524055
38415.0,212.5
38472.9,207.2301825856
38520.0,211.09
38533.2,210.07869060075
38573.6,208.23327262075
38621.8,204.79190564040002
38670.8,204.455553872625
38679.0,210.3
38708.0,214.78
38723.399999999994,206.543994036
38812.6,206.085787558
38826.0,207.8
38874.700000000004,205.650989878
38955.6,205.98808959113333
38976.8,202.3448524395
39006.0,207.63
39053.6,204.28298891580002
39100.0,205.7
39120.50000000001,207.32358522299998
39265.7,208.685091262475
39303.200000000004,209.495641888
39319.9,209.326456305
39339.8,207.868080375675
39345.0,198.6
39364.0,214.06
39379.4,204.77737582487998
39402.9,191.53156337775
39454.4,198.138503631
39470.0,213.84
39515.399999999994,200.402973875925
39527.0,196.4
39621.0,203.03
39621.00000000001,195.70159247466665
39709.2,196.6742707386
39757.100000000006,193.581354240625
39834.0,202.11
39884.99999999999,193.873098888
39900.5,197.55250733926664
39958.0,203.78
39960.0,197.5
40042.7,192.59565555449998
40112.1,193.08131430805
40145.3,193.690311850125
40311.0,203.4
40353.09999999999,193.34610643875
40427.0,198.2
40540.299999999996,193.83589877625
40714.0,201.3
40837.0,201.4
40935.100000000006,194.84207247799998
40953.799999999996,194.48852036325
40990.0,198.9
41313.0,202.69
41620.0,201.4
41895.0,201.6
42025.0,204.64
42131.0,202.2
42342.0,201.9
42386.799999999996,199.15213332966667
42537.0,207.18
43252.0,199.9
43259.0,210.31
43500.0,209.1
43602.42499999999,193.77643018978202
43612.0,201.7
43762.5,196.820021533025
43786.0,214.57
43879.0,205.0
44172.98560000001,199.2638780677422
44228.0,216.83
44239.0,210.0
44363.195199999995,188.6198931670105
44383.0,215.54
44439.0,214.0
44516.0,219.62
44611.200000000004,204.39145432805
44700.0,216.2
44831.0,221.0
44878.09333333334,199.97729629857014
45010.0,214.6
45120.0,217.56
45158.149099999995,212.4053031505864
45222.0,215.7
45223.0,219.39
45230.0,210.420411235125
45313.0,218.62
45436.0,217.23
45466.0,210.6
45605.57399999999,209.09512138802032
45654.0,211.58
45839.0,206.6
45872.0,206.99
45902.5179,211.96055472799657
46002.0,209.25
46322.700000000004,213.80675418472498
46419.2384,217.5703443366966
46448.0,205.61
46511.0,203.1
46564.5,210.13659900649998
46600.1446,207.42549687705542
46740.0,204.28
46782.9,210.3084491365
46935.0,200.0
46984.134975,206.77969645820593
47170.191699999996,199.65714105163704
47175.0,199.1
47228.0,205.36
47330.299999999996,203.17129553816667
47336.0,189.3
47402.0,205.51
47565.49607500002,205.29663960346429
47868.5923,200.27518902506057
47916.0,202.1
47973.0,201.79
48051.700000000004,198.0225677735
48332.00344705882,199.11577167355696
48388.0,211.47
48488.0,206.9
48495.0,207.15
48511.239899999986,193.5907154340149
48697.0,212.35
48720.299999999996,198.39664280699998
48854.0,188.4
49015.69412,199.4091172089488
49092.0,213.91
49104.0,206.9
49331.59375,202.36322819891456
49690.0,210.1
49712.0,216.76
49736.83706666667,200.28839159154657
50107.491799999974,202.7999369155279
50325.0,215.07
50357.0,212.3
50585.66933333334,205.89485852332405
50636.0,218.12
50663.0,215.7
50850.0,221.08
50928.0,214.3
50951.36784999998,205.32865881359385
51339.0,216.69
51367.0,218.0
51390.1223,210.443352460759
51599.74805,210.71331989323738
51633.0,217.93
51731.81450000001,213.7931806160555
51941.0,218.83
52089.30240000001,217.99937405737356
52259.0,219.08
52364.1816,218.1854167443617
52382.0,190.4
52423.0,215.7
52440.5987,215.9146188892109
52618.0,216.9
52785.98055,220.4289677893804
52923.0,212.28
52933.5297,219.0064334629168
53132.090200000006,218.4133767171881
53470.0,213.25
53511.37679999999,212.74650754091184
53612.873250000004,214.46398055863634
53630.0,211.7
53801.42975,211.89130121561072
54161.415799999995,208.68085212832077
54177.0,205.57
54250.0,210.8
54381.655249999996,209.42191842775998
54486.0,212.48
54526.654350000004,209.6887435935284
54899.74209999999,209.46570805759598
55053.0,208.0
55202.467,203.35487758301343
55288.23150000001,205.04913441856604
55339.0,215.94
55744.54425,205.37224115692044
55927.0,211.5
55939.12795,203.69959245916777
56068.0,215.25
56090.677500000005,208.19401161762693
56474.44069999999,210.73515195107294
56779.264800000004,217.75109321276113
56833.0,218.27
56867.797500000015,214.24316362982537
57049.0,223.09
57088.0,221.7
57230.18949999999,219.03554929831557
57477.0,218.2
57513.805,218.40884082584708
57591.0375,225.73134591592168
57657.0,210.4
57883.6735,218.44237754681717
58016.0,222.69
58147.07215,221.59262927822675
58276.30450000001,226.80312069746438
58421.0,224.99
58588.15085,223.41245330991646
58845.918600000005,221.8391329078553
58891.0,220.4
58911.2315,223.9076149787928
59072.0,220.11
59225.7623,216.66068075629482
59474.0,215.0
59489.2894,212.87091028761074
59622.572,217.25313232793502
59746.0,224.21
59902.7022,213.77895408048403
59955.0,214.9
59976.0,217.96
60114.83655,207.954258455404
60269.97890000001,210.56770709704924
60431.0,212.5
60459.0,218.85
60599.37125,210.90340290966515
60931.72075,206.3768851547348
61239.0,204.6
61374.0,210.28
61534.00026666666,202.5567478249938
61763.360000000015,202.7086782342372
61946.52950000001,200.14813320360096
62102.0,212.26
62480.864250000006,197.40343593339372
62742.782999999996,197.24236643525396
62751.0,197.4
62859.0,195.3
62924.50385,199.7280299125443
62986.0,204.65
63205.0,203.6
63379.86706666667,203.69546669849038
63429.0,206.76
63590.160350000006,201.67027938028278
63750.75000000001,199.17080568979725
64048.0,204.06
64253.2025,208.9757824141881
64446.383,198.17360428453378
64619.76000000001,200.59108353507256
64939.0,191.4
65145.077000000005,204.3859977224767
65444.0,208.22
65711.58275,207.20522458616006
65813.0,207.08
65939.0,194.9
66072.67775,201.14189964947187
66204.0,217.67
66505.71175,203.758804582249
66644.0,211.79
66683.0,219.64
66755.0,222.4
66861.0,223.63
66940.93824999999,200.17043811242027
67014.0,220.43
67377.70236000001,203.42547248921588
67818.0,244.03
67819.516,205.42035908699594
67944.0,240.28
68071.0,246.47
68197.0,247.22
68224.6768,211.2583877926514
68435.0,249.96
68460.0,248.32
68571.0,238.7
68685.0,238.61
68724.32905000001,215.55081317503786
68755.0,238.78
68834.0,238.84
68929.0,231.99
69122.78800000002,220.32661122546068
69149.0,237.98
69527.0,237.26
69628.02124999998,225.17215906542418
69700.0,233.74
69983.4298,235.01577011604033
70048.0,234.85
70262.0,234.35
70356.30315,237.5634446299485
70768.48400000001,239.45635365708617
71049.0,227.3
71101.0,237.17
71158.0,236.62
71167.03099999997,232.79086554237838
71597.51175000002,232.33476105332247
71622.0,240.58
72060.67250000002,230.89095840633553
72240.0,246.81
72598.0,244.19
72647.13,232.73507960739272
72783.0,246.3
72937.0,236.93
73062.97700000001,231.3339802376306
73079.0,242.8
73209.0,241.26
73227.0,229.1
73251.0,237.79
73346.3015,241.2403946279206
73542.0,240.63
73653.0,235.11
73768.94999999998,243.27000593612678
73944.0,231.11
74174.70675,249.52367746086176
74182.0,228.82
74440.0,223.79
74463.49124999998,249.93957236494836
74852.25800000002,239.34140543854346
74858.0,230.49
75250.47224999998,238.01317290414426
75343.0,228.85
75621.0,226.25
75627.74025000002,231.68344444807624
75975.0,229.45
76177.55074999998,224.91795384960736
76651.0,229.56
76657.9955,226.64717080896844
77112.03624999998,224.1427524434798
77150.0,217.1
77513.0,232.82
77597.076,227.2993454606292
77721.0,240.83
78106.07374999998,229.25533496544978
78183.0,221.7
78624.96750000001,234.74268285165846
78795.0,235.51
79167.32524999997,230.60058478694174
79628.0,238.65
79633.10300000002,233.92301778529907
80279.65474999997,230.32953997112173
80515.0,240.08
80614.0,230.9
80708.0,233.0
80935.75725000001,234.13416436720672
81395.63499999998,238.88896579028287
81937.84945000001,240.87295493897983
82248.0,250.22
82417.0,241.1
82453.38799999998,246.32246412221588
82539.0,246.47
82607.0,244.08
83053.92850000001,247.1003682352176
83333.0,236.4
83354.0,250.7
83454.16599999997,250.78745315401204
83669.0,248.75
83766.0,237.44
83855.63020000001,243.16072770547603
84016.0,228.0
84410.47574999997,238.42310352799862
84815.3542,234.68610329976863
84855.0,240.19
84996.0,240.36
85020.0,214.2
85297.46849999997,228.7630419503089
85301.0,233.84
85740.0,241.73
85886.2482,223.37741662402166
85902.0,220.23
86181.0,217.0
86295.0,225.72
86428.24000000002,221.05561058442584
86666.0,228.99
86932.0,229.26
87009.05999999998,223.62974404078184
87110.0,218.37
87389.0,222.25
87604.07700000002,217.8009629500103
87917.0,208.0
88185.89519999998,223.98941409211108
88756.89825000001,227.3783735355835
89196.80249999999,228.87834564758057
89830.198,229.73738145870655
90266.0,236.19
90357.0,224.2
90409.78559999999,231.55865048827815
90534.0,235.65
90953.0,242.07
90981.48,231.12075636405777
91249.0,228.3
91482.8575,233.74184029367558
92314.68925000002,232.45568865935815
93256.91205000001,235.1600042216258
93695.66525,238.20709532731436
94353.0,232.0
94423.74749999998,242.40636016295775
95093.08725000001,242.91411717720837
95826.47799999999,246.19646528867355
96375.58950000002,245.7647295013877
97143.55225,242.35406601147713
97827.07825000002,239.85849997327506
98530.23119999998,243.17988778616598
99285.16050000003,242.98971287919505
99849.0,225.8
100002.95249999998,245.62557787811392
100485.888,247.872113110669
100837.0,230.8
101471.71075000003,244.762424566832
101749.0,236.9
102347.74550000002,240.0715355271941
103346.58149999999,237.07327561500702
103465.0,228.1
103960.89700000003,240.68407213384208
104704.0,236.9
104735.0,238.88
105073.65425,247.76162928794554
105368.0,242.36
105636.0,230.6
106005.0,248.78
106013.18050000003,251.62137763879727
106565.0,257.58
106780.98533333326,262.744389495218
107069.0,241.4
107181.0,244.83
107579.0,238.2
107820.0,240.34
107895.17275000003,241.64050891998417
108153.0,245.6
108754.98099999996,239.77637732837954
109315.0,236.43
109776.60129999997,245.20780479323213
109804.0,251.2
110033.0,244.44
110584.84349999996,251.747155802463
110672.0,244.13
111366.0,246.69
111818.08774999998,253.98555790883114
111862.0,256.7
112678.0,257.93
112685.63134999997,263.94531662523076
113262.0,266.3
113323.0,256.79
113400.73424999995,268.69515004515955
113644.0,263.12
113835.0,264.75
114096.0,261.4
114193.4963,276.1489598508511
114404.0,260.58
114601.0,274.5
114955.0,267.9
115118.0,273.2
115491.0,275.07
116087.0,276.96
116501.0,262.5
116552.0,273.16
117043.0,273.63
117750.0,267.6
117814.0,274.03
118263.0,274.98
118649.0,273.7
119672.0,271.9
119798.0,267.74
120238.0,274.59
120382.0,265.2
120674.0,268.73
121017.0,277.6
121082.0,276.82
121910.0,279.48
122320.0,276.61
122344.0,272.1
122548.0,278.25
122725.0,279.0
123070.0,276.4
123385.0,279.16
123965.0,274.6
124213.0,268.7
124257.0,266.6
124346.0,275.87
124785.0,281.54
124789.0,266.3
125081.0,279.7
125187.0,275.52
125222.7,277.64
125262.0,273.0
125434.0,277.1
125598.0,276.81
125633.4,275.61
125633.4,278.5
125858.8,271.68
126058.2,272.59
126231.0,275.15
126347.0,273.7
126484.0,273.47
126598.0,267.1
126823.0,273.02
126855.6,267.19
126886.0,262.5
127119.0,274.93
127132.0,262.6
127225.2,271.56
127429.0,275.78
127594.6,274.81
127595.0,276.88
127622.0,275.3
127772.5,277.27
127907.0,275.6
127933.7,287.48
128107.0,276.03
128268.0,290.23
128268.0,280.72
128344.0,274.0
128372.0,287.1
128553.0,285.76
128584.6,290.49
128609.0,286.8
128866.0,282.6
128919.0,271.08
128919.7,269.37
129095.0,268.44
129146.0,264.1
129272.9,264.77
129340.0,263.4
129446.0,262.02
129624.0,260.61
129627.5,263.41
129652.0,257.9
129736.0,259.0
130008.3,261.69
130236.1,256.15
130369.0,251.84
130678.0,250.59
130829.0,250.84
131153.0,243.17
131309.0,241.13
131329.0,245.0
131455.0,240.4
131621.2,237.9
131728.0,228.9
131851.0,232.28
132267.3,231.29
132492.0,223.5
132598.0,228.0
132813.0,224.63
132953.9,225.26
133069.0,223.9
133105.0,220.3
133238.4,221.53
133427.0,210.6
133661.0,222.74
133980.6,210.48
134123.0,208.9
134287.0,203.7
134390.0,212.43
134804.6,205.67
134960.0,204.5
135114.0,200.4
135207.0,198.0
135294.9,204.27
135603.0,198.0
135791.4,199.63
135791.4,199.03
135883.0,201.7
136011.0,200.7
136251.0,202.4
136567.0,195.8
136655.0,201.1
136802.5,193.45
137293.0,194.3
137498.0,199.18
137633.0,193.4
137817.3,196.78
137982.0,194.2
138185.0,190.2
138462.0,198.55
138872.2,191.09
139275.0,192.3
139426.0,192.75
139617.0,196.5
139966.3,186.38
140513.8,184.07
140899.0,195.6
140960.0,196.4
141658.0,196.51
141740.2,193.07
142058.0,190.4
142758.0,194.59
143818.0,196.02
144907.0,193.59
145363.0,196.9
146954.0,195.81
148111.0,201.78
148831.0,203.0
149174.0,202.51
149803.0,191.9
149921.0,188.9
150137.0,202.35
150635.7,200.6
151179.2,202.96
151423.0,200.6
151703.4,197.17
152324.0,198.78
153346.0,196.3
154480.0,189.0
154543.0,189.38
155395.0,185.5
155813.0,187.5
159562.0,204.3
159943.0,196.5
161679.0,191.6
162228.0,190.1
163024.0,186.7
163698.0,183.8
164439.0,196.6
167183.0,197.8
169492.0,197.7
171351.0,196.0
172434.0,190.3
173135.0,189.4
173394.0,190.1
175306.0,207.7
177139.0,213.2
178179.0,217.7
179117.0,198.1
180068.0,199.7
182046.0,203.4
184685.0,210.7
186697.0,231.3
188436.0,231.4
189076.0,220.3
190352.0,218.0
192910.0,226.5
193481.0,220.0
195017.0,226.4
195673.0,241.2
196179.0,242.6
198972.0,250.9
199918.0,239.1
201163.0,247.6
202413.0,244.4
202874.0,231.9
203317.0,232.2
203837.0,228.6
204480.0,226.3
204908.0,229.4
205362.0,231.4
205952.0,238.1
206144.0,237.2
206810.0,230.0
207120.0,240.5
207544.0,242.2
208064.0,244.6
208254.0,243.9
208803.0,247.2
208995.0,252.0
209432.0,246.9
209817.0,239.5
210154.0,257.4
210813.0,243.4
211858.0,251.2
212716.0,241.4
213270.0,240.3
213536.0,242.6
213984.0,247.5
214459.0,251.7
214794.0,251.1
215382.0,245.3
216352.0,240.5
218361.0,214.1
219116.0,216.1
220058.0,207.1
220739.0,208.8
222030.0,205.6
224269.0,203.3
224923.0,215.7
225909.0,235.5
226711.0,234.5
227027.0,233.1
227776.0,224.5
229423.0,232.4
230422.0,233.9
231066.0,241.6
234817.0,245.2
235480.0,252.1
236114.0,241.4
236734.0,247.4
237294.0,243.1
237868.0,239.1
238558.0,245.6
239013.0,245.8
239477.0,247.4
239973.0,252.8
240945.0,259.7
241366.0,263.2
242007.0,279.0
242346.0,280.2
243071.0,263.7
243429.0,252.3
243856.0,249.9
244347.0,236.7
244864.0,230.4
245441.0,219.4
247681.0,214.7
250133.0,200.2
251005.0,213.9
251864.0,195.4
252739.0,196.7
253636.0,195.4
255498.0,199.0
256309.0,201.9
257100.0,204.0
258661.0,203.9
260353.0,209.6
260916.0,205.7
262092.0,208.9
262930.0,214.6
264509.0,228.1
265653.0,199.9
266326.0,211.7
267442.0,188.7
268181.0,187.2
269154.0,194.2
270222.0,198.8
271256.0,184.7
272311.0,190.4
273310.0,193.9
274321.0,194.1
275350.0,198.4
276326.0,193.2
277361.0,202.2
278350.0,204.5
279320.0,211.0
280269.0,215.3
281758.0,223.7
283785.0,231.3
285380.0,228.0
286128.0,226.4
287036.0,231.4
287538.0,230.4
288233.0,231.0
290153.0,234.9
290730.0,220.4
291367.0,217.1
292405.0,207.6
293057.0,206.0
293779.0,206.7
294568.0,212.7
295930.0,213.1
297921.0,217.1
298741.0,224.4
299621.0,231.0
300472.0,236.1
301402.0,239.0
302280.0,236.0
303226.0,240.2
304232.0,240.7
304901.0,250.2
305655.0,248.6
306547.0,244.8
307495.0,225.8
308744.0,227.8
309389.0,226.2
310168.0,233.2
311013.0,237.8
311868.0,239.0
312676.0,241.9
313414.0,251.6
314144.0,256.7
314867.0,257.1
315572.0,246.8
316200.0,272.6
316897.0,251.6
317734.0,245.2
318559.0,233.4
319480.0,255.8
320358.0,249.2
322015.0,257.2
322767.0,260.4
323526.0,260.3
324280.0,260.5
324971.0,266.2
325720.0,264.0
326321.0,266.1
326972.0,270.1
327590.0,271.9
328221.0,275.1
329475.0,265.0
330208.0,271.7
330740.0,272.6
331438.0,273.1
331944.0,282.4
332285.0,289.1
332462.0,288.4
332919.0,298.6
333380.0,278.1
333890.0,285.8
334261.0,278.6
334748.0,270.5
335287.0,255.7
335918.0,241.9
336725.0,239.6
337391.0,234.2
339298.0,250.1
340456.0,200.7
341802.0,205.2
343282.0,204.8
344446.0,211.9
345980.0,220.3
348298.0,221.1
349688.0,216.2
350925.0,209.4
352275.0,209.2
355302.0,193.0
356898.0,186.1
358712.0,185.8
360957.0,201.2
363385.0,206.3
366235.0,201.9
367856.0,199.9
369446.0,214.7
371090.0,224.6
372646.0,229.6
376568.0,227.0
378096.0,240.0
379696.0,239.1
381132.0,246.8
382670.0,245.8
384534.0,258.1
385398.0,264.6
386144.0,259.2
388062.0,255.2
389946.0,250.1
391896.0,266.3
392544.0,259.5
393579.0,273.6
393591.0,274.6
394560.0,260.7
395116.0,277.1
396636.0,278.0
397911.0,288.9
398086.0,276.3
399722.0,277.1
400504.0,283.2
401109.0,279.6
402000.0,283.1
402731.0,275.7
402769.0,281.2
403609.0,283.6
404181.0,276.5
404927.0,280.5
404968.0,276.2
406368.0,279.6
407093.0,285.6
407442.0,285.5
408475.0,286.9
408600.0,284.5
409383.0,275.2
409383.0,274.2
409750.0,277.6
410206.0,282.6
411071.0,283.5
412453.0,274.6
412962.0,274.9
413948.0,264.9
414963.0,271.6
415167.0,275.7
415717.0,276.4
415955.0,276.2
416193.0,271.7
416545.0,279.9
416965.0,268.5
417191.0,273.4
417391.0,278.0
417698.0,271.8
417923.0,276.3
417979.0,277.7
418245.0,274.6
418544.0,276.5
419013.0,273.3
419260.0,273.7
419808.0,271.2
419934.0,266.6
420107.0,268.9
420350.0,273.8
421443.0,274.0
421484.0,268.6
422074.0,266.4
422374.0,274.3
422374.0,276.6
422649.0,270.6
423207.0,273.2
423491.0,270.9
423764.0,267.7
424332.0,268.3
424604.0,273.7
424840.0,270.8
425242.0,270.0
425569.0,265.4
425678.0,257.7
425975.0,255.3
426598.0,252.1
426953.0,254.1
427285.0,248.2
427566.0,242.5
428394.0,229.7
429006.0,219.7
429876.0,227.2
431063.0,211.5
431445.0,207.6
432599.0,209.8
433674.0,207.5
433925.0,199.0
434804.0,200.3
435989.0,201.7
437152.0,201.3
437580.0,201.5
437601.0,207.8
438356.0,202.0
438986.0,205.9
439565.0,199.1
441220.0,201.1
442411.0,203.5
443562.0,208.1
444650.0,201.7
445829.0,201.2
446984.0,204.9
448103.0,201.9
449244.0,198.4
450455.0,193.3
451593.0,192.5
452283.0,199.1
452795.0,204.3
453514.0,203.3
454023.0,208.3
455279.0,202.4
456591.0,195.5
458049.0,190.7
459430.0,194.4
460792.0,199.9
461687.0,205.2
462133.0,210.0
463456.0,208.1
464866.0,204.4
466265.0,203.4
467602.0,205.5
468323.0,206.5
468810.0,215.5
469470.0,218.7
469941.0,229.2
470597.0,232.7
471046.0,243.7
471763.0,243.9
472095.0,245.6
473102.0,241.2
474162.0,233.1
475218.0,232.8
476240.0,236.6
477162.0,239.1
477719.0,236.5
478124.0,231.3
478721.0,220.8
479144.0,218.8
480108.0,223.8
481035.0,223.4
481932.0,227.3
482803.0,231.4
483649.0,231.4
484465.0,231.2
485276.0,233.0
486043.0,232.9
486816.0,231.3
487541.0,237.1
488268.0,242.0
488689.0,240.9
488996.0,252.8
489475.0,249.3
489722.0,242.6
490445.0,243.3
491191.0,246.7
491959.0,243.7
492738.0,239.7
493507.0,239.1
494311.0,238.3
495085.0,238.5
495853.0,237.6
496608.0,236.4
497366.0,236.5
498104.0,232.8
498865.0,230.6
499610.0,230.8
500363.0,228.2
501130.0,230.8
501866.0,231.2
502625.0,232.0
503375.0,232.2
504083.0,234.1
504777.0,233.9
505516.0,235.5
506287.0,236.0
507011.0,238.2
507714.0,237.0
508476.0,240.3
509247.0,233.4
510008.0,236.4
510765.0,235.2
511515.0,242.0
512269.0,238.2
512997.0,239.2
513724.0,241.5
514429.0,243.0
515113.0,247.2
515771.0,246.2
516417.0,245.5
517069.0,245.3
517706.0,247.7
518334.0,245.5
518965.0,243.5
520892.0,241.9
521552.0,236.8
522216.0,235.8
522923.0,233.7
523666.0,230.3
524409.0,227.8
525164.0,224.7
525908.0,222.7
526661.0,221.2
527454.0,220.3
528262.0,220.7
528747.0,214.5
529101.0,211.4
529640.0,204.4
530016.0,200.0
530685.0,195.1
531035.0,193.8
531662.0,190.5
532119.0,199.8
533246.0,199.4
534364.0,205.0
535483.0,206.4
536622.0,212.9
537770.0,211.2
538959.0,205.0
540154.0,203.6
541345.0,208.1
542502.0,210.3
543676.0,209.6
544804.0,209.7
545956.0,204.6
547013.0,202.5
547573.0,208.8
547972.0,213.6
548933.0,215.2
549830.0,219.9
550637.0,221.7
551124.0,222.3
551452.0,226.3
551979.0,222.1
552250.0,220.3
552961.0,223.6
553626.0,224.3
554254.0,226.7
554831.0,233.9
555345.0,241.0
555637.0,243.0
555839.0,249.1
556143.0,244.0
556364.0,250.5
556724.0,245.6
556889.0,240.4
557385.0,238.1
557887.0,234.5
558183.0,229.7
558393.0,230.2
558929.0,230.3
559461.0,228.3
559972.0,231.6
560459.0,231.9
560930.0,234.6
561309.0,234.1
561846.0,240.1
562272.0,242.3
562654.6712121214,234.0650889391748
562690.0,245.7
563115.0,245.8
563135.7833333333,240.11472412125158
563517.0,247.6
563536.65,242.28811438741747
563918.0,251.4
563928.7666666667,245.6943230643778
564311.0,252.4
564311.4333333331,245.8129429068597
564699.0,252.6
564725.2999999997,247.61840667176352
565077.0,251.4
565135.2166666666,251.410720261255
565466.0,253.7
565539.8833333334,252.35658575466948
565851.0,254.3
565896.4500000001,252.64945604060227
566233.0,253.9
566246.0833333331,251.3851223710903
566589.4166666665,253.72184759026274
566619.0,254.5
566919.0999999999,254.31965503106113
567007.0,253.2
567240.2,253.87508363532996
567381.0,253.9
567548.6545454543,254.45575046912543
567777.0,252.8
567884.1318181818,253.1856910994968
568167.0,253.0
568204.8696969697,253.93023488046606
568534.9666666667,252.78723185315422
568556.0,250.2
568931.05,252.98309166913273
568946.0,251.3
569315.4333333333,250.19006496736725
569331.0,250.0
569684.7666666665,251.32188345461952
569728.0,251.3
570066.3681818182,250.0223478715975
570139.0,251.8
570462.5545454546,251.34832827325243
570548.0,251.8
570863.0333333334,251.80222528757264
570955.0,249.6
571262.3500000001,251.80879255564818
571367.0,251.6
571634.1333333332,249.57224670536556
571775.0,250.3
571975.4666666664,251.56390885463875
572190.0,246.3
572315.4999999999,250.3009961681342
572619.0,247.7
572669.8727272728,246.30955184938028
573037.0,249.2
573053.5166666666,247.65697248974385
573462.0,248.7
573475.7499999998,249.18618138857704
573902.0,251.8
573913.0166666665,248.72078039844754
574353.0,251.9
574364.6545454544,251.7666008144979
574803.0,252.1
574806.0000000001,251.86150476654132
575233.9636363636,252.08002667419618
575265.0,248.9
575654.5333333331,248.8639219697805
575730.0,252.5
576112.8499999997,252.543697553062
576222.0,252.9
576599.0999999999,252.8973536409592
576723.0,251.3
577115.1000000001,251.2965766771463
577242.0,251.3
577653.8500000001,251.34172534675196
577769.0,251.1
578196.3499999997,251.0792763522184
578305.0,249.1
578742.3499999997,249.0568689785398
578857.0,252.9
579280.5499999998,252.92340485161623
579435.0,251.5
579821.0,244.1
579833.1166666667,251.47302309267096
580019.0,243.8
580210.5045454543,244.13978325747763
580400.0,236.2
580401.7833333332,243.8071398156684
580695.0,230.3
580814.0045454544,236.17021956160747
581118.6499999997,230.2553890769855
581160.0,225.2
581507.0,219.4
581546.5272727276,225.2070402346668
581928.2999999996,219.41265806017452
582000.0,215.4
582391.0,209.9
582454.5272727271,215.44586651227405
582836.2999999999,209.88341782048894
583034.0,206.7
583413.0,210.6
583574.2545454543,206.68125254107684
583958.8000000002,210.63901783350494
586406.0,224.0
586720.8424242425,223.95763277250387
586893.0,226.0
587171.8499999993,225.9929310765137
587647.0,234.4
587888.6681818177,234.40092907192803
588034.0,238.8
588279.3499999996,238.78411585346242
588716.0,246.3
588940.9045454541,246.34602904387208
589224.0,250.2
589425.3500000003,250.20456464222792
589868.0,248.1
590040.145454545,248.10464236577934
590335.0,243.6
590488.8000000002,243.5553025827732
590893.0,237.4
591019.4666666666,237.37751240309967
592279.0,225.7
592383.4712121211,225.67880356583396
592697.0,229.4
592785.516666666,229.38667009211042
593415.0,233.2
593561.2454545454,233.1632188953882
593870.0,238.1
594046.754545454,238.1475936125431
594639.0,238.0
594863.8121212114,237.97721461986356
595189.0,232.9
595436.4666666667,232.91795566697328
595950.0,221.2
596221.5575757573,221.21724287329997
596515.0,216.4
596791.1333333332,216.4410115698623
597443.0,216.3
597803.6136363635,216.27309709713364
597966.0,219.0
598329.7499999994,219.02228033882918
598833.0,226.0
599218.2181818187,225.97166266475014
599434.0,229.4
599814.6318181817,229.38148051861887
600882.0,232.5
601255.1499999998,232.45478922791705
602278.0,237.9
602600.7500000002,237.8582812314746
603673.0,239.1
603949.15,239.14012591458967
605076.0,244.5
605303.1499999992,244.53225161700482
606374.0,248.5
606625.9090909091,248.4801850050678
607708.0,254.6
607979.2999999997,254.57832546938147
608929.0,259.2
609247.3000000004,259.22379791893974
610136.0,257.7
610429.5000000001,257.74486774223317
611269.0,257.8
611319.0,259.6
611551.0127272727,257.8151013837554
611600.6333333328,259.6847091794925
612514.0,258.0
612761.9666666661,258.13797445364014
613709.0,256.0
613942.7999999997,256.193578648728
614923.0,252.5
615140.6,252.74797477389262
616164.0,252.6
616227.0,252.4
616299.1163636366,252.8982584181087
616356.5999999999,252.729800513971
617544.0,252.3
617609.5681818179,252.63944486217684
618953.7499999994,248.28893339724928
618955.0,247.9
620283.7499999999,245.88658787248076
620338.0,245.4
621651.4500000002,243.53068358638558
621760.0,243.0
622950.732727273,243.88545246756433
623054.95,239.19230883467588
623109.0,243.3
623214.0,238.6
624496.9499999993,237.92850701362374
624690.0,237.3
625397.9242424238,235.02330647237795
625570.0,234.3
626047.499999999,228.51222535135372
626215.0,227.8
626969.4272727271,215.70968264504967
627211.0,214.9
627830.0999999994,205.76310728563763
627999.0,205.0
629139.6181818179,199.52416462021898
629446.0,198.7
629769.852727273,205.26582182975858
629866.1000000006,200.77734554085592
630183.0,204.4
630295.0,199.9
631526.322727272,200.45706932834122
632001.0,199.5
632356.9409090906,196.49917279673912
632856.0,195.6
634077.5378787883,193.09789993536265
634592.0,192.1
634881.1448484845,195.94989153226658
635009.0333333323,194.85936588137295
635364.0,195.0
635489.0,193.9
636521.56060606,194.00258992033588
636957.0,193.0
637714.3666666652,195.33150117951013
638127.0,194.3
639418.2651515146,188.8477364074226
639848.0,187.7
640372.2499999993,190.1777336005101
640760.0,189.1
642074.6045454537,191.38425695346518
642405.0,190.2
642856.65,191.5605717991007
643204.0,190.4
644300.8272727265,195.3061298127235
644662.0,194.1
645150.6499999997,195.82042744328479
645470.0,194.6
646376.9469696959,189.88548096825593
646723.0,188.6
647254.8499999992,191.8480609628653
647588.0,190.5
648612.4181818187,193.47659870780961
648946.0,192.1
649191.0999999993,196.17149410495196
649598.0,194.8
650348.4636363634,189.2501799432969
650891.0,187.8
650947.0999999997,193.44315462070247
651556.0,192.0
652104.2636363631,187.2748940558699
652708.9500000003,186.7937683040444
652802.0,185.8
653448.0,185.3
653730.25,192.8691774329536
654438.65,194.81602929906575
654473.0,191.3
655202.0,193.2
655524.3499999999,199.99595342018023
656132.6499999991,200.35242454933484
656286.0,198.4
656882.0,198.7
657181.0909090905,192.9341212467433
657654.2060606063,189.23340881737832
657721.999999999,190.8769405532136
657923.0,191.3
658404.0,187.5
658474.0,189.2
658764.0999999994,184.098136363561
659293.8200000001,187.3800806732598
659411.8999999996,185.6837857761792
659524.0,182.4
659983.0,185.6
660084.0,183.9
660463.5499999999,188.43427447380085
660981.0,186.6
661118.32,193.9700304568731
661215.9000000005,191.59170346951032
661563.0,192.1
661650.0,189.8
662282.1772727269,189.69058418048212
662669.0,187.8
662796.6094545458,193.90821704355406
662877.5500000003,190.86103041769672
663133.0,192.0
663206.0,189.0
663937.5151515151,191.02249326390395
664192.0,189.1
664320.3999999997,192.55321359717547
664408.0909090904,187.76703230989094
664597.0,190.6
664690.0,185.8
665321.9393939392,180.16659707392193
665645.0,178.2
665836.5212121212,180.53768178380184
666174.0,178.5
666753.3600000001,174.76867941399888
666995.0,172.7
667409.8573333337,173.71362014216885
667435.0,178.5
667569.0,171.6
668415.2636363631,177.7146610306198
668447.0,175.6
668915.5375757578,180.6705433303129
668934.0,178.5
669751.0,185.5
669819.2987878791,187.6555369926176
670124.0,189.0
670176.0,189.3
670296.3187878784,191.5141318512642
670916.0,192.6
671070.7454545456,194.87837297832084
671286.0,194.6
671457.9260606061,196.8275423165405
671926.0,192.5
672150.8827272733,194.789560383579
672386.0,194.8
672761.3824242426,197.12915219406037
673095.0,198.7
673475.0,202.3
673696.1060606058,201.1220985980582
674173.0,209.2
674229.3778787885,204.66974564632602
674521.0,213.7
675028.3999999999,211.69145610328425
675406.5333333331,216.1224817958984
675589.0,220.0
676170.0,217.4
676524.0,214.0
676530.736363636,222.57485445876674
677068.0,215.6
677152.3090909093,219.96238463739664
677380.0,217.4
677600.7363636363,216.59070226826563
677984.0,226.5
678291.0,230.0
678328.1818181815,218.20973466460342
678741.6193939392,220.08623711545596
678914.0,230.8
679252.0,230.3
679455.3739393939,229.16045804591084
679732.0,223.0
679735.1745454543,232.70102424711226
680081.0,225.0
680312.5848484847,233.61111358821643
680608.0,218.4
680627.6078787883,233.1080061479115
680920.0,216.2
681225.6733333332,225.80855816583323
681531.0,217.3
681669.9266666665,227.89516025735253
681849.0,219.7
682343.7121212126,221.30626385386472
682446.0,222.6
682740.0857575755,219.1411841639893
682762.0,221.3
683262.0,218.7
683457.8634848485,220.23521867492758
683612.0,217.5
683828.7524242424,222.6967127552533
684142.0,217.5
684419.0,219.4
684423.6818181815,225.64160209672895
684758.0590909088,224.3560776723839
684949.0,219.5
685217.0,219.7
685294.8436363635,221.82035466276145
685679.8654545456,220.62261407272987
685716.0,223.5
685980.0,224.4
686269.1090909089,220.6316642042182
686425.0,224.3
686581.8109090904,222.61792578852743
686726.0,227.3
687154.044242424,222.7044405108711
687227.0,228.7
687445.4972727271,222.96501296914875
687470.0,228.8
687949.0,232.3
688000.381818182,226.72892608676472
688035.0,234.0
688195.0,233.0
688300.1345454548,227.65046207304692
688652.0,235.8
688751.0,235.4
688809.8703030302,227.6358560751815
688881.0,234.9
689157.8254545457,230.66878933516546
689304.0,235.8
689444.0,241.0
689603.0,239.9
689693.2575757576,232.0747771551575
689951.4515151515,232.26747586461005
690057.0,235.6
690155.0,235.0
690294.0,234.8
690474.6527272727,235.8000553317824
690736.391212121,236.4535724768809
690771.0,240.0
690999.0,234.0
691221.8348484851,239.2879301088554
691432.0,235.6
691467.6684848482,238.41599878810229
691524.0,235.9
691672.0,236.6
691967.9624242428,239.37873479610943
692057.0,235.5
692318.3436363635,243.5623167259663
692338.0,235.9
692765.0,232.9
692832.4590909089,239.2983940505077
692857.0,236.3
692990.0,234.8
693077.0923636364,238.47330442832686
693433.0,234.1
693574.0430303031,243.6995486644999
693639.0,234.1
693821.2928787881,237.75600797769894
694068.0,235.4
694280.3484848483,239.34063326328518
694300.0,234.4
694536.8242424241,240.45669225384142
694672.0,235.8
694941.0,236.9
694949.1381818183,239.31113174299168
695259.2618181818,239.79653384828728
695383.0,236.7
695618.0,237.6
695732.3090909093,236.79873479326412
695981.88,238.73723027829791
696062.0,234.6
696287.0,234.8
696434.8896969694,238.0518499460627
696644.8345454544,238.13269799082363
696717.0,235.4
696963.0,232.9
697090.2909090907,239.4354918894625
697331.0,232.4
697342.4521212119,238.41997928360914
697660.0,232.2
697746.6751515149,239.884743914407
698039.0036363635,241.02991515817237
698120.0,231.0
698386.0,228.0
698505.5381818184,240.89904625193032
698753.2309090907,241.8320311598419
698880.0,226.4
699102.0,227.7
699215.7512121215,238.8636108455049
699439.0187878788,239.00952129629684
699633.0,227.6
699864.7075757575,239.72641961823388
699909.0,226.0
700103.6854545457,237.20611593740935
700389.0,228.7
700485.0242424243,236.7173884297771
700744.0,227.6
700814.8381818184,236.60700141533357
701242.0,228.2
701268.527272727,235.4215271002262
701524.5236363634,232.4560078431405
701606.0,228.8
701993.1490909093,230.88479116742866
702158.0,229.3
702200.9236363637,232.162121529527
702381.0,230.3
702734.2727272725,232.1824465330735
702988.0,232.4
703009.9848484849,230.58782898361125
703384.0,232.8
703468.5218181817,233.35390620979757
703796.0731818182,232.28052064575172
703934.0,231.2
704211.0,231.2
704250.5218181817,232.82958847745473
704581.8054545454,233.54448715907165
704973.0,233.9
705053.3442424244,234.04269676194465
705243.9090909093,235.09172492612444
705410.0,228.5
705726.9518181817,237.18468030646915
706053.1981818182,237.66123151682797
706141.0,228.6
706409.0,228.1
706492.9518181819,236.05369135840695
706710.7395454546,236.04534030139132
707094.9199999998,229.8
707310.6972727273,238.84806965208156
707643.7254545457,233.50528810247422
707762.3999999998,226.3
708199.6806060602,233.5834734270881
708322.1999999997,225.4
708413.4484848484,233.11228487432953
708959.1515151514,234.83616059567032
709006.2000000002,221.9
709453.7878787875,231.43297127712552
709680.0,219.7
709909.5454545452,230.50735989141307
710237.0,220.2
710456.4545454548,227.03282273035802
710983.3563636366,224.9017352890244
711104.0,218.9
711399.0436363637,225.38896913374532
711421.0,218.7
712021.4654545452,224.12344691621362
712243.7272727275,224.00174372112798
712833.0,218.5
713312.5,223.8856925917568
713843.0,222.3
714065.578181818,227.63734055505353
714288.0,221.7
714403.7969696966,227.08319713303533
715115.732727273,223.14262795384457
715180.0,217.7
715565.3763636363,227.5826981949172
715603.0,223.8
715750.0,222.1
716310.1630303029,213.59999290263295
716585.909090909,210.50988746288758
716704.0,208.1
717065.0,205.0
717348.2727272725,198.42559568024177
717955.4848484852,189.87843381686548
718064.0,192.9
718581.0,190.2
718778.348484849,193.46090298257135
718779.0,184.3
719287.1818181823,200.8234844705578
719794.0,187.8
720087.2854545454,212.030518626341
720337.0,195.2
720590.7595454546,217.04269113163494
721318.0,206.3
721407.5168181815,219.2003556861584
721689.8636363633,218.956944794401
721870.0,217.0
722039.0,211.3
722505.8105454544,216.09677010835378
722994.5945454545,212.108071771009
723133.0,213.4
723464.0,213.2
723780.2266666669,212.54540888381376
724141.9999999999,214.0125927948141
724445.0,210.3
724975.3554545457,210.4806821716978
725059.0,206.3
725474.4313636366,211.49197634968232
725937.0,206.6
726249.591818182,211.07599555762198
726322.0,208.1
726576.8636363636,211.42656926315465
727192.0,204.5
727458.0,203.7
727732.0,205.5
727898.5024242426,210.06750978548357
728568.0,205.1
728593.9021212123,210.24197486380825
728921.0,205.4
728987.5303030305,211.0778130948141
729836.9384848482,210.0149974521128
730260.314545455,212.17164661528162
730299.0,204.0
730908.3136363637,210.16351745201928
730949.0,204.1
731184.2272727275,210.70237305797798
731329.0,204.9
731860.9999999998,211.62321092369945
732141.0,203.8
732300.0,210.7
732321.75,213.73187878271673
732548.0,205.9
732993.4999999999,208.1143039021245
733261.0,203.9
733328.9999999995,207.72075200492253
733543.0,204.4
734022.2299999999,210.60174265873587
734223.0,205.3
734408.0,209.6
734462.6199999998,216.1485998526368
734604.0,207.4
735134.5709090909,214.6624205315424
735167.0,201.7
735409.909090909,217.88283774216444
735459.0,201.3
736079.0,204.1
736107.3054545454,217.1944729687879
736460.0,209.7
736522.2181818187,213.14402038614645
737034.0,208.1
737266.0,211.3
737269.8193939395,206.92018121563933
737660.1154545457,204.51910387695122
737889.0,210.6
738272.0,206.5
738580.9945454549,191.7441063146352
738844.0,200.3
739137.0,197.8
739174.5554545455,185.6096600660596
739842.0,185.0
739986.0,198.0
740106.4524848479,185.40236646163788
740277.0,178.9
740460.9242424242,183.39253921478078
741021.0,178.6
741307.0,176.6
741329.9024242423,184.76708470912362
741874.1339393943,189.1426274551468
742075.0,177.9
742558.0,182.3
742644.7490909089,188.64664196412704
743062.1696969698,187.3271928405565
743233.0,181.7
743589.0,180.4
743959.0763636365,188.17959977716015
744354.0,181.2
744523.1418181813,188.96881973948896
744681.0,185.2
744843.0,182.0
745671.0454545448,187.29232436787936
745836.0,180.2
746619.9260606065,190.24154927677864
746643.0,183.1
747110.0,180.8
747177.0375757577,187.91988159174213
747759.0,180.8
747940.1957575758,187.95228432826852
748101.0,180.4
748336.8809090916,187.54375693792414
748913.0,181.4
749152.0,188.8
749262.9345454549,188.67887489361217
749401.0,182.9
749814.1786666662,190.17483689562673
750194.0,184.8
750476.0,184.0
750706.4409090908,192.07592238803636
751036.2499999993,191.29603626015793
751301.0,186.2
751552.0,193.8
751830.0,190.1
751973.8681818177,193.54717137122026
752565.8818181817,197.49572596202373
752605.0,188.0
752978.0,196.5
753489.0690909092,195.43388919380428
753934.6545454543,203.90279658442103
753984.0,191.5
754124.0,197.3
754394.0,195.8
755114.5775757573,199.04605364141202
755241.0,200.5
755354.0,203.4
755495.0,201.9
755586.8284848488,203.2996954570858
756357.0,206.0
756566.1684848485,208.10367110123954
756605.0,214.4
756850.6803030302,209.44507971285617
756871.0,210.7
757561.0,215.0
757785.4509090913,213.61139014973043
757805.0,225.5
757962.0,219.2
758259.0,215.3
758362.4157575755,218.3519526756556
758475.0,217.6
758883.0,217.9
759027.0,216.6
759135.6915151512,222.72008593220357
759306.0,214.9
759561.8787878784,226.94301148021165
759878.2121212124,223.02365546155636
760108.2727272728,225.37366760867587
760202.0,208.8
760338.0,214.9
760500.0,206.9
760516.0551515151,225.61582539678184
760939.9418181818,222.7085788690187
761453.0,206.1
761745.0,213.0
761864.4881818183,216.64080861985224
762064.0,212.0
762166.0430303031,214.6940079861074
762871.0,216.0
763101.8036363634,213.99980285899034
763158.0,221.3
763319.0,215.0
763686.0,225.7
763770.5842424238,219.9481576823577
763934.0,221.4
764249.0,224.1
764529.0,226.5
764676.8824242424,223.89295015434178
764833.0,222.6
765181.816565657,222.92608638468548
765586.6363636359,233.66090567198847
765735.0,216.8
765851.4848484849,229.40748753827657
765917.0,216.1
766110.0,215.7
766188.504545454,232.11545547204435
766808.9121212122,230.6229188352788
767096.0,213.5
767737.0,217.7
767747.1624242424,224.86466602091244
768117.2575757578,223.81796491327836
768655.0,222.4
768940.0,227.5
769050.0,221.4
769061.3843939397,221.64093650394082
769514.0,228.1
769651.4236363642,225.86635666622993
769787.0,226.0
770133.0,231.5
770434.0,233.9
770447.0,235.6
770599.1466666668,230.62690342109488
770724.0,238.2
770994.0,235.6
771020.6666666664,229.56423626852964
771260.0,237.7
771519.3333333333,236.31890028889168
771708.0,229.5
771812.666666667,234.24054819146698
771888.0,226.9
772076.0,230.9
772175.2645454548,239.7120056138232
772474.5636363636,243.88525238228885
772737.9595454549,246.49456803753532
772995.6363636361,243.85475201990903
773043.0,230.0
773249.8181818182,246.03058180018394
773353.0,238.6
773680.0,233.3
773684.4690909092,237.7794476149145
774044.1363636358,239.23120240300534
774548.0,236.9
774854.0,240.1
774958.808181818,238.38507756925242
775051.0,240.5
775538.0110606056,241.7410824819303
776037.0,238.8
776322.0,245.9
776332.2587878784,245.31805526765157
776636.0,243.9
776782.6969696968,248.92347258064217
777556.0,246.3
777681.7496969699,247.30321033010094
777719.0,246.7
777900.0,246.1
778232.7918181821,252.45553887568798
778798.0,245.8
779057.9836363638,254.92704442683268
779076.0,243.8
779364.0,243.9
779367.5454545458,254.68956208931286
780188.9227272724,254.43210628699566
780268.0,248.5
780612.0,242.8
780719.4363636365,252.52125685420285
781535.0,248.7
781562.8318181814,257.21033919112165
781771.0,251.2
781886.6818181819,251.50919000069746
782059.0,246.2
782728.4496969697,257.43630369580933
783110.0,252.5
783198.5296969693,255.01817636257545
783263.0,252.1
784147.0,246.9
784261.7558787881,260.91815012089876
784409.0,248.4
784692.0,250.7
785034.0824242425,255.84554031289508
785413.0,253.3
785519.0509090904,259.66462384723866
785654.0,255.3
785789.0,255.4
786189.6018181813,262.229808343788
786563.2569696968,264.34502908314164
786587.0,260.3
786819.0,256.6
787076.0,256.9
787355.5127272734,269.3559592885488
787803.5690909092,265.99732874144445
787805.0,248.1
787957.0,246.4
788033.0,247.9
788479.2399999999,257.19893666253785
788691.8715151517,257.0184549055622
788887.0,229.5
789126.0,239.3
789381.0,226.3
789494.0409090909,238.64095357456617
789953.0090909094,235.48574308581584
790153.0,218.2
790538.0,221.3
790639.4051515154,227.37775029010015
791056.8827272729,230.55013467896873
791491.0,215.4
791767.0,217.3
792030.783636363,224.68576227610308
792081.0,205.1
792617.3012121207,214.45035139887406
792943.0,204.0
793255.0,224.2
793260.0,209.0
793519.3888888892,213.35775959891657
793852.7583333338,218.39264166858874
794608.0,199.4
794949.0,206.7
795122.454545454,208.7893628439667
795202.0,195.2
795687.3181818175,204.61750641580798
796467.0,189.3
796852.590909091,198.79240364499174
797099.0,188.4
797378.8181818188,197.90878630711256
798512.0,191.0
798681.2978787882,200.48945586551156
798893.0,193.6
801236.0590909094,198.68361088983107
802872.087424243,198.6572141815183
803709.2524242424,202.64710592439062
803925.2843758516,202.92172318213744
804009.8706065303,207.49864546768262
804522.6746300211,204.86193803431442
805132.4423336205,202.2268391289192
805668.8684046668,207.28544010704545
